SERIES_CODE,FREQ,BASE_CURRENCY,COUNTER_CURRENCY,UNIT_MEASURE,DATA_TYPE,DATA_SOURCE,TIME_COLLECT,CONF_STATUS,PUB_WEBSITE,UNIT_MULT,COMMENTS,TIME_PERIOD,OBS_VALUE,RELEASE_STATUS
RER_USD_ILS,D,USD,ILS,ILS,OF00,BOI_MRKT,V,F,Y,0,,2023-01-03,3.532,YP
RER_USD_ILS,D,USD,ILS,ILS,OF00,BOI_MRKT,V,F,Y,0,,2023-01-04,3.527,YP
RER_USD_ILS,D,USD,ILS,ILS,OF00,BOI_MRKT,V,F,Y,0,,2023-01-05,3.529,YP
RER_USD_ILS,D,USD,ILS,ILS,OF00,BOI_MRKT,V,F,Y,0,,2023-01-06,3.556,YP
RER_USD_ILS,D,USD,ILS,ILS,OF00,BOI_MRKT,V,F,Y,0,,2023-01-09,3.496,YP
RER_USD_ILS,D,USD,ILS,ILS,OF00,BOI_MRKT,V,F,Y,0,,2023-01-10,3.48,YP
RER_USD_ILS,D,USD,ILS,ILS,OF00,BOI_MRKT,V,F,Y,0,,2023-01-11,3.458,YP
RER_USD_ILS,D,USD,ILS,ILS,OF00,BOI_MRKT,V,F,Y,0,,2023-01-12,3.429,YP
RER_USD_ILS,D,USD,ILS,ILS,OF00,BOI_MRKT,V,F,Y,0,,2023-01-13,3.41,YP
RER_USD_ILS,D,USD,ILS,ILS,OF00,BOI_MRKT,V,F,Y,0,,2023-01-16,3.417,YP
RER_USD_ILS,D,USD,ILS,ILS,OF00,BOI_MRKT,V,F,Y,0,,2023-01-17,3.418,YP
RER_USD_ILS,D,USD,ILS,ILS,OF00,BOI_MRKT,V,F,Y,0,,2023-01-18,3.381,YP
RER_USD_ILS,D,USD,ILS,ILS,OF00,BOI_MRKT,V,F,Y,0,,2023-01-19,3.408,YP
RER_USD_ILS,D,USD,ILS,ILS,OF00,BOI_MRKT,V,F,Y,0,,2023-01-20,3.407,YP
RER_USD_ILS,D,USD,ILS,ILS,OF00,BOI_MRKT,V,F,Y,0,,2023-01-23,3.38,YP
RER_USD_ILS,D,USD,ILS,ILS,OF00,BOI_MRKT,V,F,Y,0,,2023-01-24,3.373,YP
RER_USD_ILS,D,USD,ILS,ILS,OF00,BOI_MRKT,V,F,Y,0,,2023-01-25,3.37,YP
RER_USD_ILS,D,USD,ILS,ILS,OF00,BOI_MRKT,V,F,Y,0,,2023-01-26,3.399,YP
RER_USD_ILS,D,USD,ILS,ILS,OF00,BOI_MRKT,V,F,Y,0,,2023-01-27,3.438,YP
RER_USD_ILS,D,USD,ILS,ILS,OF00,BOI_MRKT,V,F,Y,0,,2023-01-30,3.468,YP
RER_USD_ILS,D,USD,ILS,ILS,OF00,BOI_MRKT,V,F,Y,0,,2023-01-31,3.475,YP
RER_USD_ILS,D,USD,ILS,ILS,OF00,BOI_MRKT,V,F,Y,0,,2023-02-01,3.456,YP
RER_USD_ILS,D,USD,ILS,ILS,OF00,BOI_MRKT,V,F,Y,0,,2023-02-02,3.422,YP
RER_USD_ILS,D,USD,ILS,ILS,OF00,BOI_MRKT,V,F,Y,0,,2023-02-03,3.398,YP
RER_USD_ILS,D,USD,ILS,ILS,OF00,BOI_MRKT,V,F,Y,0,,2023-02-06,3.474,YP
RER_USD_ILS,D,USD,ILS,ILS,OF00,BOI_MRKT,V,F,Y,0,,2023-02-07,3.473,YP
RER_USD_ILS,D,USD,ILS,ILS,OF00,BOI_MRKT,V,F,Y,0,,2023-02-08,3.481,YP
RER_USD_ILS,D,USD,ILS,ILS,OF00,BOI_MRKT,V,F,Y,0,,2023-02-09,3.489,YP
RER_USD_ILS,D,USD,ILS,ILS,OF00,BOI_MRKT,V,F,Y,0,,2023-02-10,3.507,YP
RER_USD_ILS,D,USD,ILS,ILS,OF00,BOI_MRKT,V,F,Y,0,,2023-02-13,3.54,YP
RER_USD_ILS,D,USD,ILS,ILS,OF00,BOI_MRKT,V,F,Y,0,,2023-02-14,3.502,YP
RER_USD_ILS,D,USD,ILS,ILS,OF00,BOI_MRKT,V,F,Y,0,,2023-02-15,3.529,YP
RER_USD_ILS,D,USD,ILS,ILS,OF00,BOI_MRKT,V,F,Y,0,,2023-02-16,3.538,YP
RER_USD_ILS,D,USD,ILS,ILS,OF00,BOI_MRKT,V,F,Y,0,,2023-02-17,3.566,YP
RER_USD_ILS,D,USD,ILS,ILS,OF00,BOI_MRKT,V,F,Y,0,,2023-02-20,3.563,YP
RER_USD_ILS,D,USD,ILS,ILS,OF00,BOI_MRKT,V,F,Y,0,,2023-02-21,3.649,YP
RER_USD_ILS,D,USD,ILS,ILS,OF00,BOI_MRKT,V,F,Y,0,,2023-02-22,3.663,YP
RER_USD_ILS,D,USD,ILS,ILS,OF00,BOI_MRKT,V,F,Y,0,,2023-02-23,3.613,YP
RER_USD_ILS,D,USD,ILS,ILS,OF00,BOI_MRKT,V,F,Y,0,,2023-02-24,3.659,YP
RER_USD_ILS,D,USD,ILS,ILS,OF00,BOI_MRKT,V,F,Y,0,,2023-02-27,3.673,YP
RER_USD_ILS,D,USD,ILS,ILS,OF00,BOI_MRKT,V,F,Y,0,,2023-02-28,3.668,YP
RER_USD_ILS,D,USD,ILS,ILS,OF00,BOI_MRKT,V,F,Y,0,,2023-03-01,3.636,YP
RER_USD_ILS,D,USD,ILS,ILS,OF00,BOI_MRKT,V,F,Y,0,,2023-03-02,3.642,YP
RER_USD_ILS,D,USD,ILS,ILS,OF00,BOI_MRKT,V,F,Y,0,,2023-03-03,3.664,YP
RER_USD_ILS,D,USD,ILS,ILS,OF00,BOI_MRKT,V,F,Y,0,,2023-03-06,3.589,YP
RER_USD_ILS,D,USD,ILS,ILS,OF00,BOI_MRKT,V,F,Y,0,,2023-03-09,3.598,YP
RER_USD_ILS,D,USD,ILS,ILS,OF00,BOI_MRKT,V,F,Y,0,,2023-03-10,3.595,YP
RER_USD_ILS,D,USD,ILS,ILS,OF00,BOI_MRKT,V,F,Y,0,,2023-03-13,3.626,YP
RER_USD_ILS,D,USD,ILS,ILS,OF00,BOI_MRKT,V,F,Y,0,,2023-03-14,3.627,YP
RER_USD_ILS,D,USD,ILS,ILS,OF00,BOI_MRKT,V,F,Y,0,,2023-03-15,3.641,YP
RER_USD_ILS,D,USD,ILS,ILS,OF00,BOI_MRKT,V,F,Y,0,,2023-03-16,3.667,YP
RER_USD_ILS,D,USD,ILS,ILS,OF00,BOI_MRKT,V,F,Y,0,,2023-03-17,3.667,YP
RER_USD_ILS,D,USD,ILS,ILS,OF00,BOI_MRKT,V,F,Y,0,,2023-03-20,3.677,YP
RER_USD_ILS,D,USD,ILS,ILS,OF00,BOI_MRKT,V,F,Y,0,,2023-03-21,3.65,YP
RER_USD_ILS,D,USD,ILS,ILS,OF00,BOI_MRKT,V,F,Y,0,,2023-03-22,3.642,YP
RER_USD_ILS,D,USD,ILS,ILS,OF00,BOI_MRKT,V,F,Y,0,,2023-03-23,3.612,YP
RER_USD_ILS,D,USD,ILS,ILS,OF00,BOI_MRKT,V,F,Y,0,,2023-03-24,3.628,YP
RER_USD_ILS,D,USD,ILS,ILS,OF00,BOI_MRKT,V,F,Y,0,,2023-03-27,3.557,YP
RER_USD_ILS,D,USD,ILS,ILS,OF00,BOI_MRKT,V,F,Y,0,,2023-03-28,3.534,YP
RER_USD_ILS,D,USD,ILS,ILS,OF00,BOI_MRKT,V,F,Y,0,,2023-03-29,3.566,YP
RER_USD_ILS,D,USD,ILS,ILS,OF00,BOI_MRKT,V,F,Y,0,,2023-03-30,3.586,YP
RER_USD_ILS,D,USD,ILS,ILS,OF00,BOI_MRKT,V,F,Y,0,,2023-03-31,3.615,YP
RER_USD_ILS,D,USD,ILS,ILS,OF00,BOI_MRKT,V,F,Y,0,,2023-04-03,3.593,YP
RER_USD_ILS,D,USD,ILS,ILS,OF00,BOI_MRKT,V,F,Y,0,,2023-04-04,3.564,YP
RER_USD_ILS,D,USD,ILS,ILS,OF00,BOI_MRKT,V,F,Y,0,,2023-04-11,3.624,YP
RER_USD_ILS,D,USD,ILS,ILS,OF00,BOI_MRKT,V,F,Y,0,,2023-04-13,3.655,YP
RER_USD_ILS,D,USD,ILS,ILS,OF00,BOI_MRKT,V,F,Y,0,,2023-04-14,3.661,YP
RER_USD_ILS,D,USD,ILS,ILS,OF00,BOI_MRKT,V,F,Y,0,,2023-04-17,3.647,YP
RER_USD_ILS,D,USD,ILS,ILS,OF00,BOI_MRKT,V,F,Y,0,,2023-04-18,3.647,YP
RER_USD_ILS,D,USD,ILS,ILS,OF00,BOI_MRKT,V,F,Y,0,,2023-04-19,3.659,YP
RER_USD_ILS,D,USD,ILS,ILS,OF00,BOI_MRKT,V,F,Y,0,,2023-04-20,3.654,YP
RER_USD_ILS,D,USD,ILS,ILS,OF00,BOI_MRKT,V,F,Y,0,,2023-04-21,3.656,YP
RER_USD_ILS,D,USD,ILS,ILS,OF00,BOI_MRKT,V,F,Y,0,,2023-04-24,3.661,YP
RER_USD_ILS,D,USD,ILS,ILS,OF00,BOI_MRKT,V,F,Y,0,,2023-04-25,3.639,YP
RER_USD_ILS,D,USD,ILS,ILS,OF00,BOI_MRKT,V,F,Y,0,,2023-04-27,3.636,YP
RER_USD_ILS,D,USD,ILS,ILS,OF00,BOI_MRKT,V,F,Y,0,,2023-04-28,3.641,YP
RER_USD_ILS,D,USD,ILS,ILS,OF00,BOI_MRKT,V,F,Y,0,,2023-05-01,3.619,YP
RER_USD_ILS,D,USD,ILS,ILS,OF00,BOI_MRKT,V,F,Y,0,,2023-05-02,3.62,YP
RER_USD_ILS,D,USD,ILS,ILS,OF00,BOI_MRKT,V,F,Y,0,,2023-05-03,3.637,YP
RER_USD_ILS,D,USD,ILS,ILS,OF00,BOI_MRKT,V,F,Y,0,,2023-05-04,3.636,YP
RER_USD_ILS,D,USD,ILS,ILS,OF00,BOI_MRKT,V,F,Y,0,,2023-05-05,3.647,YP
RER_USD_ILS,D,USD,ILS,ILS,OF00,BOI_MRKT,V,F,Y,0,,2023-05-08,3.633,YP
RER_USD_ILS,D,USD,ILS,ILS,OF00,BOI_MRKT,V,F,Y,0,,2023-05-09,3.659,YP
RER_USD_ILS,D,USD,ILS,ILS,OF00,BOI_MRKT,V,F,Y,0,,2023-05-10,3.675,YP
RER_USD_ILS,D,USD,ILS,ILS,OF00,BOI_MRKT,V,F,Y,0,,2023-05-11,3.643,YP
RER_USD_ILS,D,USD,ILS,ILS,OF00,BOI_MRKT,V,F,Y,0,,2023-05-12,3.642,YP
RER_USD_ILS,D,USD,ILS,ILS,OF00,BOI_MRKT,V,F,Y,0,,2023-05-15,3.648,YP
RER_USD_ILS,D,USD,ILS,ILS,OF00,BOI_MRKT,V,F,Y,0,,2023-05-16,3.661,YP
RER_USD_ILS,D,USD,ILS,ILS,OF00,BOI_MRKT,V,F,Y,0,,2023-05-17,3.65,YP
RER_USD_ILS,D,USD,ILS,ILS,OF00,BOI_MRKT,V,F,Y,0,,2023-05-18,3.639,YP
RER_USD_ILS,D,USD,ILS,ILS,OF00,BOI_MRKT,V,F,Y,0,,2023-05-19,3.645,YP
RER_USD_ILS,D,USD,ILS,ILS,OF00,BOI_MRKT,V,F,Y,0,,2023-05-22,3.651,YP
RER_USD_ILS,D,USD,ILS,ILS,OF00,BOI_MRKT,V,F,Y,0,,2023-05-23,3.672,YP
RER_USD_ILS,D,USD,ILS,ILS,OF00,BOI_MRKT,V,F,Y,0,,2023-05-24,3.731,YP
RER_USD_ILS,D,USD,ILS,ILS,OF00,BOI_MRKT,V,F,Y,0,,2023-05-25,3.73,YP
RER_USD_ILS,D,USD,ILS,ILS,OF00,BOI_MRKT,V,F,Y,0,,2023-05-30,3.709,YP
RER_USD_ILS,D,USD,ILS,ILS,OF00,BOI_MRKT,V,F,Y,0,,2023-05-31,3.715,YP
RER_USD_ILS,D,USD,ILS,ILS,OF00,BOI_MRKT,V,F,Y,0,,2023-06-01,3.736,YP
RER_USD_ILS,D,USD,ILS,ILS,OF00,BOI_MRKT,V,F,Y,0,,2023-06-02,3.745,YP
RER_USD_ILS,D,USD,ILS,ILS,OF00,BOI_MRKT,V,F,Y,0,,2023-06-05,3.735,YP
RER_USD_ILS,D,USD,ILS,ILS,OF00,BOI_MRKT,V,F,Y,0,,2023-06-06,3.715,YP
RER_USD_ILS,D,USD,ILS,ILS,OF00,BOI_MRKT,V,F,Y,0,,2023-06-07,3.655,YP
RER_USD_ILS,D,USD,ILS,ILS,OF00,BOI_MRKT,V,F,Y,0,,2023-06-08,3.663,YP
RER_USD_ILS,D,USD,ILS,ILS,OF00,BOI_MRKT,V,F,Y,0,,2023-06-09,3.63,YP
RER_USD_ILS,D,USD,ILS,ILS,OF00,BOI_MRKT,V,F,Y,0,,2023-06-12,3.588,YP
RER_USD_ILS,D,USD,ILS,ILS,OF00,BOI_MRKT,V,F,Y,0,,2023-06-13,3.558,YP
RER_USD_ILS,D,USD,ILS,ILS,OF00,BOI_MRKT,V,F,Y,0,,2023-06-14,3.615,YP
RER_USD_ILS,D,USD,ILS,ILS,OF00,BOI_MRKT,V,F,Y,0,,2023-06-15,3.584,YP
RER_USD_ILS,D,USD,ILS,ILS,OF00,BOI_MRKT,V,F,Y,0,,2023-06-16,3.553,YP
RER_USD_ILS,D,USD,ILS,ILS,OF00,BOI_MRKT,V,F,Y,0,,2023-06-19,3.602,YP
RER_USD_ILS,D,USD,ILS,ILS,OF00,BOI_MRKT,V,F,Y,0,,2023-06-20,3.609,YP
RER_USD_ILS,D,USD,ILS,ILS,OF00,BOI_MRKT,V,F,Y,0,,2023-06-21,3.604,YP
RER_USD_ILS,D,USD,ILS,ILS,OF00,BOI_MRKT,V,F,Y,0,,2023-06-22,3.628,YP
RER_USD_ILS,D,USD,ILS,ILS,OF00,BOI_MRKT,V,F,Y,0,,2023-06-23,3.628,YP
RER_USD_ILS,D,USD,ILS,ILS,OF00,BOI_MRKT,V,F,Y,0,,2023-06-26,3.625,YP
RER_USD_ILS,D,USD,ILS,ILS,OF00,BOI_MRKT,V,F,Y,0,,2023-06-27,3.638,YP
RER_USD_ILS,D,USD,ILS,ILS,OF00,BOI_MRKT,V,F,Y,0,,2023-06-28,3.679,YP
RER_USD_ILS,D,USD,ILS,ILS,OF00,BOI_MRKT,V,F,Y,0,,2023-06-29,3.692,YP
RER_USD_ILS,D,USD,ILS,ILS,OF00,BOI_MRKT,V,F,Y,0,,2023-06-30,3.7,YP
RER_USD_ILS,D,USD,ILS,ILS,OF00,BOI_MRKT,V,F,Y,0,,2023-07-03,3.713,YP
RER_USD_ILS,D,USD,ILS,ILS,OF00,BOI_MRKT,V,F,Y,0,,2023-07-04,3.706,YP
RER_USD_ILS,D,USD,ILS,ILS,OF00,BOI_MRKT,V,F,Y,0,,2023-07-05,3.698,YP
RER_USD_ILS,D,USD,ILS,ILS,OF00,BOI_MRKT,V,F,Y,0,,2023-07-06,3.699,YP
RER_USD_ILS,D,USD,ILS,ILS,OF00,BOI_MRKT,V,F,Y,0,,2023-07-07,3.717,YP
RER_USD_ILS,D,USD,ILS,ILS,OF00,BOI_MRKT,V,F,Y,0,,2023-07-10,3.71,YP
RER_USD_ILS,D,USD,ILS,ILS,OF00,BOI_MRKT,V,F,Y,0,,2023-07-11,3.709,YP
RER_USD_ILS,D,USD,ILS,ILS,OF00,BOI_MRKT,V,F,Y,0,,2023-07-12,3.665,YP
RER_USD_ILS,D,USD,ILS,ILS,OF00,BOI_MRKT,V,F,Y,0,,2023-07-13,3.618,YP
RER_USD_ILS,D,USD,ILS,ILS,OF00,BOI_MRKT,V,F,Y,0,,2023-07-14,3.609,YP
RER_USD_ILS,D,USD,ILS,ILS,OF00,BOI_MRKT,V,F,Y,0,,2023-07-17,3.635,YP
RER_USD_ILS,D,USD,ILS,ILS,OF00,BOI_MRKT,V,F,Y,0,,2023-07-18,3.635,YP
RER_USD_ILS,D,USD,ILS,ILS,OF00,BOI_MRKT,V,F,Y,0,,2023-07-19,3.59,YP
RER_USD_ILS,D,USD,ILS,ILS,OF00,BOI_MRKT,V,F,Y,0,,2023-07-20,3.593,YP
RER_USD_ILS,D,USD,ILS,ILS,OF00,BOI_MRKT,V,F,Y,0,,2023-07-21,3.617,YP
RER_USD_ILS,D,USD,ILS,ILS,OF00,BOI_MRKT,V,F,Y,0,,2023-07-24,3.62,YP
RER_USD_ILS,D,USD,ILS,ILS,OF00,BOI_MRKT,V,F,Y,0,,2023-07-25,3.717,YP
RER_USD_ILS,D,USD,ILS,ILS,OF00,BOI_MRKT,V,F,Y,0,,2023-07-26,3.71,YP
RER_USD_ILS,D,USD,ILS,ILS,OF00,BOI_MRKT,V,F,Y,0,,2023-07-28,3.713,YP
RER_USD_ILS,D,USD,ILS,ILS,OF00,BOI_MRKT,V,F,Y,0,,2023-07-31,3.693,YP
RER_USD_ILS,D,USD,ILS,ILS,OF00,BOI_MRKT,V,F,Y,0,,2023-08-01,3.653,YP
RER_USD_ILS,D,USD,ILS,ILS,OF00,BOI_MRKT,V,F,Y,0,,2023-08-02,3.654,YP
RER_USD_ILS,D,USD,ILS,ILS,OF00,BOI_MRKT,V,F,Y,0,,2023-08-03,3.685,YP
RER_USD_ILS,D,USD,ILS,ILS,OF00,BOI_MRKT,V,F,Y,0,,2023-08-04,3.687,YP
RER_USD_ILS,D,USD,ILS,ILS,OF00,BOI_MRKT,V,F,Y,0,,2023-08-07,3.676,YP
RER_USD_ILS,D,USD,ILS,ILS,OF00,BOI_MRKT,V,F,Y,0,,2023-08-08,3.7,YP
RER_USD_ILS,D,USD,ILS,ILS,OF00,BOI_MRKT,V,F,Y,0,,2023-08-09,3.716,YP
RER_USD_ILS,D,USD,ILS,ILS,OF00,BOI_MRKT,V,F,Y,0,,2023-08-10,3.718,YP
RER_USD_ILS,D,USD,ILS,ILS,OF00,BOI_MRKT,V,F,Y,0,,2023-08-11,3.723,YP
RER_USD_ILS,D,USD,ILS,ILS,OF00,BOI_MRKT,V,F,Y,0,,2023-08-14,3.724,YP
RER_USD_ILS,D,USD,ILS,ILS,OF00,BOI_MRKT,V,F,Y,0,,2023-08-15,3.763,YP
RER_USD_ILS,D,USD,ILS,ILS,OF00,BOI_MRKT,V,F,Y,0,,2023-08-16,3.754,YP
RER_USD_ILS,D,USD,ILS,ILS,OF00,BOI_MRKT,V,F,Y,0,,2023-08-17,3.773,YP
RER_USD_ILS,D,USD,ILS,ILS,OF00,BOI_MRKT,V,F,Y,0,,2023-08-18,3.793,YP
RER_USD_ILS,D,USD,ILS,ILS,OF00,BOI_MRKT,V,F,Y,0,,2023-08-21,3.794,YP
RER_USD_ILS,D,USD,ILS,ILS,OF00,BOI_MRKT,V,F,Y,0,,2023-08-22,3.778,YP
RER_USD_ILS,D,USD,ILS,ILS,OF00,BOI_MRKT,V,F,Y,0,,2023-08-23,3.788,YP
RER_USD_ILS,D,USD,ILS,ILS,OF00,BOI_MRKT,V,F,Y,0,,2023-08-24,3.772,YP
RER_USD_ILS,D,USD,ILS,ILS,OF00,BOI_MRKT,V,F,Y,0,,2023-08-25,3.8,YP
RER_USD_ILS,D,USD,ILS,ILS,OF00,BOI_MRKT,V,F,Y,0,,2023-08-28,3.797,YP
RER_USD_ILS,D,USD,ILS,ILS,OF00,BOI_MRKT,V,F,Y,0,,2023-08-29,3.808,YP
RER_USD_ILS,D,USD,ILS,ILS,OF00,BOI_MRKT,V,F,Y,0,,2023-08-30,3.798,YP
RER_USD_ILS,D,USD,ILS,ILS,OF00,BOI_MRKT,V,F,Y,0,,2023-08-31,3.801,YP
RER_USD_ILS,D,USD,ILS,ILS,OF00,BOI_MRKT,V,F,Y,0,,2023-09-01,3.795,YP
RER_USD_ILS,D,USD,ILS,ILS,OF00,BOI_MRKT,V,F,Y,0,,2023-09-04,3.808,YP
RER_USD_ILS,D,USD,ILS,ILS,OF00,BOI_MRKT,V,F,Y,0,,2023-09-05,3.792,YP
RER_USD_ILS,D,USD,ILS,ILS,OF00,BOI_MRKT,V,F,Y,0,,2023-09-06,3.808,YP
RER_USD_ILS,D,USD,ILS,ILS,OF00,BOI_MRKT,V,F,Y,0,,2023-09-07,3.848,YP
RER_USD_ILS,D,USD,ILS,ILS,OF00,BOI_MRKT,V,F,Y,0,,2023-09-08,3.844,YP
RER_USD_ILS,D,USD,ILS,ILS,OF00,BOI_MRKT,V,F,Y,0,,2023-09-11,3.845,YP
RER_USD_ILS,D,USD,ILS,ILS,OF00,BOI_MRKT,V,F,Y,0,,2023-09-12,3.798,YP
RER_USD_ILS,D,USD,ILS,ILS,OF00,BOI_MRKT,V,F,Y,0,,2023-09-13,3.819,YP
RER_USD_ILS,D,USD,ILS,ILS,OF00,BOI_MRKT,V,F,Y,0,,2023-09-14,3.826,YP
RER_USD_ILS,D,USD,ILS,ILS,OF00,BOI_MRKT,V,F,Y,0,,2023-09-18,3.825,YP
RER_USD_ILS,D,USD,ILS,ILS,OF00,BOI_MRKT,V,F,Y,0,,2023-09-19,3.804,YP
RER_USD_ILS,D,USD,ILS,ILS,OF00,BOI_MRKT,V,F,Y,0,,2023-09-20,3.81,YP
RER_USD_ILS,D,USD,ILS,ILS,OF00,BOI_MRKT,V,F,Y,0,,2023-09-21,3.805,YP
RER_USD_ILS,D,USD,ILS,ILS,OF00,BOI_MRKT,V,F,Y,0,,2023-09-22,3.816,YP
RER_USD_ILS,D,USD,ILS,ILS,OF00,BOI_MRKT,V,F,Y,0,,2023-09-26,3.819,YP
RER_USD_ILS,D,USD,ILS,ILS,OF00,BOI_MRKT,V,F,Y,0,,2023-09-27,3.848,YP
RER_USD_ILS,D,USD,ILS,ILS,OF00,BOI_MRKT,V,F,Y,0,,2023-09-28,3.849,YP
RER_USD_ILS,D,USD,ILS,ILS,OF00,BOI_MRKT,V,F,Y,0,,2023-09-29,3.824,YP
RER_USD_ILS,D,USD,ILS,ILS,OF00,BOI_MRKT,V,F,Y,0,,2023-10-02,3.829,YP
RER_USD_ILS,D,USD,ILS,ILS,OF00,BOI_MRKT,V,F,Y,0,,2023-10-03,3.845,YP
RER_USD_ILS,D,USD,ILS,ILS,OF00,BOI_MRKT,V,F,Y,0,,2023-10-04,3.861,YP
RER_USD_ILS,D,USD,ILS,ILS,OF00,BOI_MRKT,V,F,Y,0,,2023-10-05,3.859,YP
RER_USD_ILS,D,USD,ILS,ILS,OF00,BOI_MRKT,V,F,Y,0,,2023-10-06,3.863,YP
RER_USD_ILS,D,USD,ILS,ILS,OF00,BOI_MRKT,V,F,Y,0,,2023-10-09,3.91,YP
RER_USD_ILS,D,USD,ILS,ILS,OF00,BOI_MRKT,V,F,Y,0,,2023-10-10,3.951,YP
RER_USD_ILS,D,USD,ILS,ILS,OF00,BOI_MRKT,V,F,Y,0,,2023-10-11,3.956,YP
RER_USD_ILS,D,USD,ILS,ILS,OF00,BOI_MRKT,V,F,Y,0,,2023-10-12,3.958,YP
RER_USD_ILS,D,USD,ILS,ILS,OF00,BOI_MRKT,V,F,Y,0,,2023-10-13,3.969,YP
RER_USD_ILS,D,USD,ILS,ILS,OF00,BOI_MRKT,V,F,Y,0,,2023-10-16,3.99,YP
RER_USD_ILS,D,USD,ILS,ILS,OF00,BOI_MRKT,V,F,Y,0,,2023-10-17,4.008,YP
RER_USD_ILS,D,USD,ILS,ILS,OF00,BOI_MRKT,V,F,Y,0,,2023-10-18,4.025,YP
RER_USD_ILS,D,USD,ILS,ILS,OF00,BOI_MRKT,V,F,Y,0,,2023-10-19,4.029,YP
RER_USD_ILS,D,USD,ILS,ILS,OF00,BOI_MRKT,V,F,Y,0,,2023-10-20,4.049,YP
RER_USD_ILS,D,USD,ILS,ILS,OF00,BOI_MRKT,V,F,Y,0,,2023-10-23,4.062,YP
RER_USD_ILS,D,USD,ILS,ILS,OF00,BOI_MRKT,V,F,Y,0,,2023-10-24,4.063,YP
RER_USD_ILS,D,USD,ILS,ILS,OF00,BOI_MRKT,V,F,Y,0,,2023-10-25,4.063,YP
RER_USD_ILS,D,USD,ILS,ILS,OF00,BOI_MRKT,V,F,Y,0,,2023-10-26,4.079,YP
RER_USD_ILS,D,USD,ILS,ILS,OF00,BOI_MRKT,V,F,Y,0,,2023-10-27,4.081,YP
RER_USD_ILS,D,USD,ILS,ILS,OF00,BOI_MRKT,V,F,Y,0,,2023-10-30,4.055,YP
RER_USD_ILS,D,USD,ILS,ILS,OF00,BOI_MRKT,V,F,Y,0,,2023-10-31,4.017,YP
RER_USD_ILS,D,USD,ILS,ILS,OF00,BOI_MRKT,V,F,Y,0,,2023-11-01,4.029,YP
RER_USD_ILS,D,USD,ILS,ILS,OF00,BOI_MRKT,V,F,Y,0,,2023-11-02,3.962,YP
RER_USD_ILS,D,USD,ILS,ILS,OF00,BOI_MRKT,V,F,Y,0,,2023-11-03,3.988,YP
RER_USD_ILS,D,USD,ILS,ILS,OF00,BOI_MRKT,V,F,Y,0,,2023-11-06,3.877,YP
RER_USD_ILS,D,USD,ILS,ILS,OF00,BOI_MRKT,V,F,Y,0,,2023-11-07,3.866,YP
RER_USD_ILS,D,USD,ILS,ILS,OF00,BOI_MRKT,V,F,Y,0,,2023-11-08,3.848,YP
RER_USD_ILS,D,USD,ILS,ILS,OF00,BOI_MRKT,V,F,Y,0,,2023-11-09,3.854,YP
RER_USD_ILS,D,USD,ILS,ILS,OF00,BOI_MRKT,V,F,Y,0,,2023-11-10,3.874,YP
RER_USD_ILS,D,USD,ILS,ILS,OF00,BOI_MRKT,V,F,Y,0,,2023-11-13,3.867,YP
RER_USD_ILS,D,USD,ILS,ILS,OF00,BOI_MRKT,V,F,Y,0,,2023-11-14,3.833,YP
RER_USD_ILS,D,USD,ILS,ILS,OF00,BOI_MRKT,V,F,Y,0,,2023-11-15,3.767,YP
RER_USD_ILS,D,USD,ILS,ILS,OF00,BOI_MRKT,V,F,Y,0,,2023-11-16,3.779,YP
RER_USD_ILS,D,USD,ILS,ILS,OF00,BOI_MRKT,V,F,Y,0,,2023-11-17,3.728,YP
RER_USD_ILS,D,USD,ILS,ILS,OF00,BOI_MRKT,V,F,Y,0,,2023-11-20,3.728,YP
RER_USD_ILS,D,USD,ILS,ILS,OF00,BOI_MRKT,V,F,Y,0,,2023-11-21,3.71,YP
RER_USD_ILS,D,USD,ILS,ILS,OF00,BOI_MRKT,V,F,Y,0,,2023-11-22,3.726,YP
RER_USD_ILS,D,USD,ILS,ILS,OF00,BOI_MRKT,V,F,Y,0,,2023-11-23,3.731,YP
RER_USD_ILS,D,USD,ILS,ILS,OF00,BOI_MRKT,V,F,Y,0,,2023-11-24,3.739,YP
RER_USD_ILS,D,USD,ILS,ILS,OF00,BOI_MRKT,V,F,Y,0,,2023-11-27,3.726,YP
RER_USD_ILS,D,USD,ILS,ILS,OF00,BOI_MRKT,V,F,Y,0,,2023-11-28,3.706,YP
RER_USD_ILS,D,USD,ILS,ILS,OF00,BOI_MRKT,V,F,Y,0,,2023-11-29,3.675,YP
RER_USD_ILS,D,USD,ILS,ILS,OF00,BOI_MRKT,V,F,Y,0,,2023-11-30,3.714,YP
RER_USD_ILS,D,USD,ILS,ILS,OF00,BOI_MRKT,V,F,Y,0,,2023-12-01,3.739,YP
RER_USD_ILS,D,USD,ILS,ILS,OF00,BOI_MRKT,V,F,Y,0,,2023-12-04,3.708,YP
RER_USD_ILS,D,USD,ILS,ILS,OF00,BOI_MRKT,V,F,Y,0,,2023-12-05,3.728,YP
RER_USD_ILS,D,USD,ILS,ILS,OF00,BOI_MRKT,V,F,Y,0,,2023-12-06,3.709,YP
RER_USD_ILS,D,USD,ILS,ILS,OF00,BOI_MRKT,V,F,Y,0,,2023-12-07,3.703,YP
RER_USD_ILS,D,USD,ILS,ILS,OF00,BOI_MRKT,V,F,Y,0,,2023-12-08,3.698,YP
RER_USD_ILS,D,USD,ILS,ILS,OF00,BOI_MRKT,V,F,Y,0,,2023-12-11,3.717,YP
RER_USD_ILS,D,USD,ILS,ILS,OF00,BOI_MRKT,V,F,Y,0,,2023-12-12,3.708,YP
RER_USD_ILS,D,USD,ILS,ILS,OF00,BOI_MRKT,V,F,Y,0,,2023-12-13,3.71,YP
RER_USD_ILS,D,USD,ILS,ILS,OF00,BOI_MRKT,V,F,Y,0,,2023-12-14,3.685,YP
RER_USD_ILS,D,USD,ILS,ILS,OF00,BOI_MRKT,V,F,Y,0,,2023-12-15,3.658,YP
RER_USD_ILS,D,USD,ILS,ILS,OF00,BOI_MRKT,V,F,Y,0,,2023-12-18,3.653,YP
RER_USD_ILS,D,USD,ILS,ILS,OF00,BOI_MRKT,V,F,Y,0,,2023-12-19,3.643,YP
RER_USD_ILS,D,USD,ILS,ILS,OF00,BOI_MRKT,V,F,Y,0,,2023-12-20,3.648,YP
RER_USD_ILS,D,USD,ILS,ILS,OF00,BOI_MRKT,V,F,Y,0,,2023-12-21,3.616,YP
RER_USD_ILS,D,USD,ILS,ILS,OF00,BOI_MRKT,V,F,Y,0,,2023-12-22,3.599,YP
RER_USD_ILS,D,USD,ILS,ILS,OF00,BOI_MRKT,V,F,Y,0,,2023-12-26,3.628,YP
RER_USD_ILS,D,USD,ILS,ILS,OF00,BOI_MRKT,V,F,Y,0,,2023-12-27,3.624,YP
RER_USD_ILS,D,USD,ILS,ILS,OF00,BOI_MRKT,V,F,Y,0,,2023-12-28,3.619,YP
RER_USD_ILS,D,USD,ILS,ILS,OF00,BOI_MRKT,V,F,Y,0,,2023-12-29,3.627,YP
